{
  "accuracy": [
    0.980070173740387,
    0.9853333234786987,
    0.9873684048652649,
    0.9897368550300598,
    0.9909648895263672,
    0.9920175671577454
  ],
  "loss": [
    0.059633441269397736,
    0.04306141659617424,
    0.038118623197078705,
    0.03184867277741432,
    0.027214933186769485,
    0.024634774774312973
  ],
  "val_accuracy": [
    0.9864116907119751,
    0.9852038025856018,
    0.988525390625,
    0.9831907153129578,
    0.9860090613365173,
    0.9902365207672119
  ],
  "val_loss": [
    0.04873698204755783,
    0.0470462329685688,
    0.040439289063215256,
    0.0494229719042778,
    0.045625947415828705,
    0.03582434356212616
  ],
  "learning_rate": [
    9.999999747378752e-06,
    9.999999747378752e-06,
    9.999999747378752e-06,
    9.999999747378752e-06,
    9.999999747378752e-06,
    9.999999747378752e-06
  ]
}