{
  "accuracy": [
    0.9168069958686829,
    0.9482806921005249,
    0.9577193260192871,
    0.962035059928894,
    0.9674035310745239,
    0.9690701961517334,
    0.9738420844078064,
    0.9741578698158264,
    0.9760175347328186,
    0.9763157963752747,
    0.9774210453033447,
    0.9780175685882568
  ],
  "loss": [
    0.2144828885793686,
    0.14201252162456512,
    0.1189398318529129,
    0.1053687110543251,
    0.09061983227729797,
    0.0868084654211998,
    0.07845938205718994,
    0.07454412430524826,
    0.07028759270906448,
    0.06772644072771072,
    0.06556673347949982,
    0.06395349651575089
  ],
  "val_accuracy": [
    0.953296422958374,
    0.9621540307998657,
    0.9687972068786621,
    0.9738298654556274,
    0.9751384258270264,
    0.9782586693763733,
    0.9797685146331787,
    0.9798691272735596,
    0.9809763431549072,
    0.9810770153999329,
    0.983392059803009,
    0.9839959740638733
  ],
  "val_loss": [
    0.1308795064687729,
    0.1082005426287651,
    0.09503382444381714,
    0.08228796720504761,
    0.078359454870224,
    0.07151193171739578,
    0.06552232056856155,
    0.0652892142534256,
    0.06267233192920685,
    0.059370528906583786,
    0.05852959305047989,
    0.05701028183102608
  ],
  "learning_rate": [
    9.999999747378752e-05,
    9.999999747378752e-05,
    9.999999747378752e-05,
    9.999999747378752e-05,
    9.999999747378752e-05,
    9.999999747378752e-05,
    9.999999747378752e-05,
    9.999999747378752e-05,
    9.999999747378752e-05,
    9.999999747378752e-05,
    9.999999747378752e-05,
    9.999999747378752e-05
  ]
}